Game;Price_playstation;Price_xbox;Status;;;;
Desolatium ;149,90;149,90;równe;;;Xbox;49
Agatha Christie Murder on the Orient Express Deluxe Edition ;219,90;219,90;równe;;;Playstation;150
Ufo Robot Grendizer The Feast of the Wolves ;189,90;189,90;równe;;;Równe;173
Naruto x Boruto Ultimate Ninja Storm Connections Collectors Edition ;NoData;NoData;równe;;;;
Naruto x Boruto Ultimate Ninja Storm Connections Ultimate Edition ;499,90;499,90;równe;;;;
Naruto x Boruto Ultimate Ninja Storm Connections ;229,90;229,90;równe;;;;
Let’s Sing 2024 + 2 mikrofony ;249,90;249,90;równe;;;;
Let’s Sing 2024 ;169,90;169,90;równe;;;;
Persona 3 Reload ;269,90;279,90;playstation;;;;
Super Crazy Rhythm Castle ;179,90;179,90;równe;;;;
Hammerwatch II The Chronicles Edition ;169,90;169,90;równe;;;;
Baby Shark Sing and Swim Party ;169,90;169,90;równe;;;;
Harvest Moon The Winds of Anthos ;179,90;179,90;równe;;;;
Call of Duty Modern Warfare III ;339,90;339,90;równe;;;;
Farming Simulator 22 Premium Edition ;219,90;219,90;równe;;;;
Jumanji Wild Adventures ;169,90;179,90;playstation;;;;
Transformers Earth Spark Expedition ;169,90;179,90;playstation;;;;
The Grinch Christmas Adventures ;169,90;179,90;playstation;;;;
Fortnite Pakiet Transformers (Kod w pudełku) ;109,90;119,90;playstation;;;;
Star Trek Resurgence ;159,90;169,90;playstation;;;;
Paw Patrol World ;169,90;169,90;równe;;;;
Days of Doom ;139,90;139,90;równe;;;;
Sonic Superstars ;239,90;239,90;równe;;;;
Persona 5 Tactica ;239,90;239,90;równe;;;;
My Time at Sandrock Collector's Edition ;329,90;329,90;równe;;;;
My Time at Sandrock ;169,90;169,90;równe;;;;
Battle of Rebels ;179,90;179,90;równe;;;;
EA Sports FC 24 ;309,90;309,90;równe;;;;
Prince of Persia The Lost Crown ;219,90;219,90;równe;;;;
Tintin Reporter Cigars of the Pharaoh Edycja Limitowana ;199,90;199,90;równe;;;;
Smerfy 2 Więzień Zielonego Kamienia ;159,90;159,90;równe;;;;
Sword Art Online Last Recollection ;269,90;269,90;równe;;;;
Hot Wheels Unleashed 2 Edycja Pure Fire ;259,90;259,90;równe;;;;
Hot Wheels Unleashed 2 Edycja Day One ;169,90;169,90;równe;;;;
Rainbow High Runway Rush ;169,90;169,90;równe;;;;
Noob The Factionless ;179,90;179,90;równe;;;;
Raiden III x MIKADO MANIAX Deluxe Edition] ;299,90;299,90;równe;;;;
Endless Dungeon Day One Edition ;159,90;169,90;playstation;;;;
Assassin's Creed Mirage Deluxe Edition ;279,90;279,90;równe;;;;
Inescapable ;269,90;269,90;równe;;;;
You Suck at Parking ;129,90;129,90;równe;;;;
JoJo Siwa Worldwide Party ;179,90;179,90;równe;;;;
Bunny Park ;139,90;139,90;równe;;;;
Assassin's Creed Mirage ;209,90;209,90;równe;;;;
Are You Smarter Than A 5th Grader? ;149,90;149,90;równe;;;;
Flashback 2 ;199,90;199,90;równe;;;;
Ryan's Rescue Squad ;209,90;209,90;równe;;;;
Rocksmith+ ;149,90;149,90;równe;;;;
Curved Space ;89,90;89,90;równe;;;;
Prince of Persia The Sands of Time Remake ;179,90;179,90;równe;;;;
Paranoia Happiness is Mandatory ;109,90;109,90;równe;;;;
Agatha Christie Hercule Poirot The London Case ;139,90;149,90;playstation;;;;
Under The Waves ;169,90;169,90;równe;;;;
Moving Out 2 ;159,90;159,90;równe;;;;
The Crew Motorfest ;299,90;339,90;playstation;;;;
Just Dance 2022 ;189,90;139,90;xbox;;;;
Just Dance 2022 ;189,90;139,90;xbox;;;;
NBA 2K24 Kobe Bryant Edition ;269,90;299,90;playstation;;;;
Double Dragon Gaiden Rise of the Dragons ;129,90;139,90;playstation;;;;
Super Bomberman R 2 ;219,90;219,90;równe;;;;
Armored Core VI Fires of Rubicon Launch Edition ;279,90;289,90;playstation;;;;
Exoprimal ;249,90;259,90;playstation;;;;
TT Isle Of Man Ride on the Edge 3 ;159,90;229,90;playstation;;;;
LEGO 2K Drive ;179,90;309,90;playstation;;;;
F1 23 ;279,90;279,90;równe;;;;
Starsand ;139,90;139,90;równe;;;;
Crash Team Rumble Edycja Deluxe ;169,90;125,00;xbox;;;;
Sonic Origins Plus ;149,90;121,75;xbox;;;;
Lies of P ;239,90;239,90;równe;;;;
The Knight Witch Deluxe Edition ;99,90;139,90;playstation;;;;
Blood Bowl 3 Brutal Edition ;48,27;229,90;playstation;;;;
WWE 2K23 ;189,90;319,90;playstation;;;;
Street Fighter 6 ;189,90;279,90;playstation;;;;
God of Rock ;129,90;129,90;równe;;;;
DC Justice League Cosmic Chaos ;149,90;209,90;playstation;;;;
Like a Dragon Ishin! ;169,90;249,90;playstation;;;;
Resident Evil 4 Remake ;229,90;289,90;playstation;;;;
Let’s Sing presents ABBA + 2 mikrofony ;174,90;249,90;playstation;;;;
One Piece Odyssey ;224,90;259,90;playstation;;;;
DARQ Ultimate Edition ;89,90;89,90;równe;;;;
New Tales from the Borderlands ;89,90;229,90;playstation;;;;
Dragon Ball The Breakers Special Edition ;79,90;139,90;playstation;;;;
PGA Tour 2K23 ;299,90;329,90;playstation;;;;
Gungrave G.O.R.E Edycja Premierowa ;209,90;124,90;xbox;;;;
Sonic Frontiers ;169,90;229,90;playstation;;;;
Hogwarts Legacy ;208,90;259,90;playstation;;;;
Dead Island 2 Edycja HELL-A ;329,90;379,90;playstation;;;;
Let's Build a Zoo ;95,35;149,90;playstation;;;;
NBA 2K23 ;89,90;329,90;playstation;;;;
NBA 2K23 ;89,90;299,90;playstation;;;;
Fifa 23 ;249,90;289,90;playstation;;;;
Fifa 23 ;249,90;249,90;równe;;;;
Fortnite Pakiet Anime Legends (Kod w pudełku) ;89,90;74,90;xbox;;;;
Evil West ;229,90;249,90;playstation;;;;
Resident Evil Village Gold Edition ;189,90;219,90;playstation;;;;
PAW Patrol Grand Prix ;129,90;199,90;playstation;;;;
Session Skate Sim ;159,90;199,90;playstation;;;;
Star Ocean The Divine Force ;179,90;259,90;playstation;;;;
F1 Manager 2022 ;109,90;159,90;playstation;;;;
Digimon Survive ;119,90;199,90;playstation;;;;
Teenage Mutant Ninja Turtles Shredder's Revenge ;109,90;119,90;playstation;;;;
F.I.S.T. Forged In Shadow Torch edycja limitowana ;169,90;219,90;playstation;;;;
The Quarry ;109,90;109,90;równe;;;;
The Quarry ;109,90;129,90;playstation;;;;
Vampire The Masquerade Swansong ;149,90;164,90;playstation;;;;
Vampire The Masquerade Swansong ;149,90;199,90;playstation;;;;
Road 96 ;139,90;149,90;playstation;;;;
Evil Dead The Game ;179,90;99,90;xbox;;;;
Elden Ring ;199,90;239,90;playstation;;;;
WWE 2K22 ;119,90;189,90;playstation;;;;
WWE 2K22 ;119,90;189,90;playstation;;;;
Hotel Transylvania Scary-Tale Adventures ;159,90;159,90;równe;;;;
Two Point Campus Enrolment Edition ;87,79;189,90;playstation;;;;
Dynasty Warriors 9 Empires ;239,90;239,90;równe;;;;
Five Nights at Freddy's Security Breach ;149,90;179,90;playstation;;;;
Youtubers Life 2 ;109,90;129,90;playstation;;;;
NERF Legends ;129,90;209,90;playstation;;;;
Stranger of Paradise Final Fantasy Origin ;139,90;149,90;playstation;;;;
Grand Theft Auto Trilogy The Definitive Edition ;99,90;249,90;playstation;;;;
SpongeBob SquarePants The Cosmic Shake ;119,90;169,90;playstation;;;;
SpongeBob SquarePants The Cosmic Shake ;119,90;159,90;playstation;;;;
ARK Ultimate Survivor Edition ;170,17;229,90;playstation;;;;
Chorus ;146,90;159,90;playstation;;;;
Demon Slayer Kimetsu no Yaiba The Hinokami Chronicles ;169,90;229,90;playstation;;;;
Ty the Tasmanian Tiger HD ;139,90;129,90;xbox;;;;
Nickelodeon All-Star Brawl ;189,90;189,90;równe;;;;
My Friend Peppa Pig ;94,01;159,90;playstation;;;;
Jurassic World Evolution 2 ;149,90;149,90;równe;;;;
Alan Wake Remastered ;99,90;99,90;równe;;;;
Fortnite Pakiet Miętowe Legendy (Kod w pudełku) ;69,90;88,90;playstation;;;;
Beyond a Steel Sky Beyond a Steel Book Edition ;139,40;199,90;playstation;;;;
SpellForce 3 Reforced ;146,90;159,90;playstation;;;;
Sonic Colours Ultimate + brelok ;149,90;169,90;playstation;;;;
Lost Judgment ;169,90;239,90;playstation;;;;
Insurgency Sandstorm ;169,90;169,90;równe;;;;
Sonic Colours Ultimate ;129,90;159,90;playstation;;;;
Disciples Liberation Deluxe Edition ;239,90;239,90;równe;;;;
World War Z Aftermath ;146,90;56,69;xbox;;;;
Hades ;89,90;89,90;równe;;;;
King's Bounty II ;59,90;49,90;xbox;;;;
Story of Seasons Friends of Mineral Town ;149,90;179,90;playstation;;;;
Asterix & Obelix Slap them All! Limited Edition ;149,90;189,90;playstation;;;;
Rainbow Six Extraction ;44,90;229,90;playstation;;;;
Worms Rumble Fully Loaded Edition ;72,89;109,90;playstation;;;;
Necromunda Hired Gun ;134,90;169,90;playstation;;;;
Rustler ;59,90;119,90;playstation;;;;
Foreclosed ;119,90;119,90;równe;;;;
Elex II ;159,90;159,90;równe;;;;
Big Rumble Boxing Creed Champions ;159,90;56,34;xbox;;;;
Tokyo 2020 Olympic Games ;139,90;139,90;równe;;;;
Battlefield 2042 ;114,90;159,90;playstation;;;;
Battlefield 2042 ;114,90;90,88;xbox;;;;
Alex Kidd In Miracle World DX ;94,90;129,90;playstation;;;;
Scarlet Nexus ;79,90;129,90;playstation;;;;
F1 2021 ;179,90;179,90;równe;;;;
Life Is Strange True Colors ;109,90;89,90;xbox;;;;
Dungeons & Dragons Dark Alliance Steelbook Edition ;109,90;229,90;playstation;;;;
Dungeons & Dragons Dark Alliance Day One Edition ;99,90;40,69;xbox;;;;
Cris Tales ;69,90;159,90;playstation;;;;
Hot Wheels Unleashed ;119,90;119,90;równe;;;;
Hot Wheels Unleashed ;119,90;119,90;równe;;;;
Mass Effect Legendary Edition ;199,90;184,90;xbox;;;;
Far Cry 6 ;99,90;99,90;równe;;;;
Resident Evil Village ;124,90;259,90;playstation;;;;
NieR Replicant ver.1.22474487139... ;99,90;219,90;playstation;;;;
Five Nights at Freddy's Core Collection ;119,90;159,90;playstation;;;;
It Takes Two ;159,90;159,90;równe;;;;
Control Ultimate Edition ;109,90;159,90;playstation;;;;
Control Ultimate Edition ;109,90;159,90;playstation;;;;
Transformers Battlegrounds ;69,90;129,90;playstation;;;;
Puyo Puyo Tetris 2 ;59,90;159,90;playstation;;;;
Outriders ;89,90;159,90;playstation;;;;
Cyberpunk 2077 PL ;99,90;99,90;równe;;;;
Psi Patrol Kosmopieski ratują Zatokę Przygód PL/ANG ;99,90;149,90;playstation;;;;
Tony Hawk's Pro Skater 1+2 ;129,90;119,90;xbox;;;;
Dirt 5 ;222,90;149,90;xbox;;;;
Man Eater Day One Edition ;99,90;138,90;playstation;;;;
Immortals Fenyx Rising ;79,90;219,90;playstation;;;;
LEGO Gwiezdne Wojny Skywalker Saga ;129,90;149,90;playstation;;;;
Judgment ;74,90;129,90;playstation;;;;
Biomutant ;79,90;91,63;playstation;;;;
Smerfy Kart ;129,90;129,90;równe;;;;
Daymare 1994 Sandcastle ;159,90;159,90;równe;;;;
F1 Manager 2023 ;229,90;229,90;równe;;;;
The Texas Chain Saw Massacre + Plakat ;169,90;179,90;playstation;;;;
Madden NFL 24 ;369,90;369,90;równe;;;;
Chef Life A Restaurant Simulator ;169,90;169,90;równe;;;;
My Fantastic Ranch ;129,90;129,90;równe;;;;
Killer Frequency ;109,90;139,90;playstation;;;;
MotoGP 23 ;319,90;319,90;równe;;;;
Firefighting Simulator The Squad ;119,90;119,90;równe;;;;
Clash Artifacts of Chaos Zeno Edition ;179,90;179,90;równe;;;;
Transport Fever 2 ;199,90;199,90;równe;;;;
Atomic Heart ;219,90;259,90;playstation;;;;
Świnka Peppa Światowe Przygody ;169,90;179,90;playstation;;;;
Gigantosaurus Gigantozaur Dino Kart ;109,90;179,90;playstation;;;;
Let's Sing 2023 + 2 mikrofony ;179,90;239,90;playstation;;;;
WRC Generations ;179,90;179,90;równe;;;;
AEW Fight Forever ;249,90;249,90;równe;;;;
Nickelodeon Kart Racers 3 Slime Speedway ;89,90;189,90;playstation;;;;
Hello Neighbor 2 ;179,90;179,90;równe;;;;
Farming Simulator 22 Platinum Edition ;199,90;199,90;równe;;;;
Teenage Mutant Ninja Turtles The Cowabunga Collection ;149,90;179,90;playstation;;;;
DreamWorks Dragons Legends of the Nine Realms ;109,90;199,90;playstation;;;;
The Lord of the Rings Gollum ;209,90;149,90;xbox;;;;
Alfred Hitchcock Vertigo ;199,90;149,90;xbox;;;;
Soul Hackers 2 ;119,90;239,90;playstation;;;;
Pathfinder Wrath of the Righteous ;209,90;209,90;równe;;;;
Call of Duty Modern Warfare II ;279,90;289,90;playstation;;;;
F1 2022 ;189,90;229,90;playstation;;;;
Kao the Kangaroo ;149,90;149,90;równe;;;;
Matchpoint Tennis Championships Legends Edition ;123,97;209,90;playstation;;;;
MechWarrior 5 Mercenaries ;79,90;99,90;playstation;;;;
Agatha Christie Hercule Poirot The First Cases ;169,90;169,90;równe;;;;
Sniper Ghost Warrior Contracts 2 ;89,90;159,90;playstation;;;;
Subnautica Below Zero ;109,90;139,90;playstation;;;;
Little Nightmares 2 Day One Edition ;159,90;159,90;równe;;;;
Mortal Kombat 11 Ultimate Edition ;99,90;99,90;równe;;;;
Chivalry 2 Day One Edition ;119,90;109,90;xbox;;;;
Raiden IV x Mikado Remix Deluxe Edition ;209,90;209,90;równe;;;;
Among Us Ejected Edition ;299,90;199,90;xbox;;;;
NBA 2K24 Black Mamba Edition ;379,90;379,90;równe;;;;
Street Fighter 6 Steelbook Edition ;299,90;299,90;równe;;;;
Train Life A Railway Simulator ;159,90;159,90;równe;;;;
Aliens Dark Descent ;179,90;179,90;równe;;;;
Tour de France 2023 ;154,90;209,90;playstation;;;;
Trine 5 A Clockwork Conspiracy ;129,90;129,90;równe;;;;
Bramble The Mountain King ;149,90;149,90;równe;;;;
Resident Evil 4 Remake Lenticular Edition ;309,90;309,90;równe;;;;
Resident Evil 4 Remake Steelbook Edition ;309,90;309,90;równe;;;;
Dredge Deluxe Edition ;139,90;139,90;równe;;;;
Afterimage Deluxe Edition ;139,90;139,90;równe;;;;
Hogwarts Legacy Deluxe Edition ;299,90;349,90;playstation;;;;
Wanted Dead ;239,90;239,90;równe;;;;
Mato Anomalies Day One Edition ;169,90;169,90;równe;;;;
Garfield Lasagna Party ;189,90;189,90;równe;;;;
Let’s Sing presents ABBA ;169,90;97,02;xbox;;;;
Lemon Cake ;159,90;159,90;równe;;;;
NHL 23 ;309,90;243,38;xbox;;;;
Train Sim World 3 ;199,90;159,90;xbox;;;;
Ghostbusters Spirits Unleashed ;169,90;179,90;playstation;;;;
Atari 50 The Anniversary Celebration ;169,90;179,90;playstation;;;;
Mount & Blade II Bannerlord ;209,90;209,90;równe;;;;
Dakar Desert Rally ;159,90;159,90;równe;;;;
Asterix & Obelix XXXL Baran z Hibernii Edycja Limitowana ;169,90;119,90;xbox;;;;
Charon's Staircase ;179,90;179,90;równe;;;;
Saint Kotar ;179,90;105,83;xbox;;;;
Maneater Apex Edition ;149,90;149,90;równe;;;;
Them's Fightin' Herds Deluxe Edition ;169,90;169,90;równe;;;;
Airoheart ;229,90;229,90;równe;;;;
Hello Neighbor 2 Deluxe Edition ;249,90;259,90;playstation;;;;
NBA 2K23 Michael Jordan Edition ;439,90;439,90;równe;;;;
L.O.L. Surprise! B.Bs Born to Travel ;179,90;179,90;równe;;;;
PAC-MAN World Re-PAC ;169,90;169,90;równe;;;;
The Diofield Chronicle ;239,90;189,00;xbox;;;;
Dark Pictures Anthology vol. 2 ;189,90;189,90;równe;;;;
The Devil In Me ;159,90;159,90;równe;;;;
Cobra Kai 2 Dojos Rising ;189,90;67,34;xbox;;;;
Star Trek Prodigy Supernova ;239,90;239,90;równe;;;;
LEGO Brawls ;179,90;179,90;równe;;;;
JoJo’s Bizarre Adventure All Star Battle R ;219,90;239,90;playstation;;;;
Doctor Who The Edge of Reality + The Lonely Assassins ;129,90;129,90;równe;;;;
Psychonauts 2 Motherlobe Edition ;234,90;289,90;playstation;;;;
Madden NFL 23 ;349,90;389,90;playstation;;;;
Construction Simulator ;199,90;199,90;równe;;;;
Crisis Core Final Fantasy VII Reunion ;159,90;239,90;playstation;;;;
Severed Steel ;149,90;149,90;równe;;;;
Kroniki Zorro ;159,90;159,90;równe;;;;
Kroniki Zorro ;159,90;159,90;równe;;;;
The Callisto Protocol Day One Edition ;79,90;129,90;playstation;;;;
My Little Pony A Maretime Bay Adventure ;159,90;159,90;równe;;;;
Outriders Worldslayer ;259,90;259,90;równe;;;;
Endling Extinction is Forever ;114,90;139,90;playstation;;;;
Five Nights at Freddy's Security Breach Collector's Edition ;599,90;599,90;równe;;;;
Klonoa Phantasy Reverie Series ;129,90;219,90;playstation;;;;
NHL 22 ;179,90;184,90;playstation;;;;
NHL 22 ;179,90;149,90;xbox;;;;
Time on Frog Island ;139,90;139,90;równe;;;;
Isonzo Deluxe Edition ;159,90;169,90;playstation;;;;
Fobia St. Dinfna Hotel ;99,90;149,90;playstation;;;;
Sniper Elite 5 Deluxe Edition ;349,90;389,90;playstation;;;;
Sniper Elite 5 ;178,90;229,90;playstation;;;;
MotoGP 22 ;229,90;229,90;równe;;;;
Assassin's Creed Valhalla Ragnarok Edition ;369,90;369,90;równe;;;;
DC League of Super-Pets ;169,90;169,90;równe;;;;
Dolmen Day One Edition ;159,90;159,90;równe;;;;
Assassin's Creed Valhalla Dawn of Ragnarok ;159,90;159,90;równe;;;;
GRID Legends ;159,90;79,90;xbox;;;;
Little Nightmares 1 + 2 ;149,90;149,90;równe;;;;
Let’s Sing 2022 ;159,90;159,90;równe;;;;
PJ Masks Heroes Of The Night ;149,90;149,90;równe;;;;
Fast & Furious Spy Racers Rise of Sh1ft3r ;149,90;149,90;równe;;;;
Riders Republic ;289,90;289,90;równe;;;;
Elden Ring Launch Edition ;279,90;259,90;xbox;;;;
MX vs ATV Legends ;169,90;169,90;równe;;;;
The Eternal Cylinder ;139,90;139,90;równe;;;;
Evil Genius 2 World Domination ;159,90;79,90;xbox;;;;
Jungle Book, Aladdin and the Lion King ;139,90;134,90;xbox;;;;
The Last Stand Aftermath ;129,90;129,90;równe;;;;
Among Us Impostor Edition ;189,90;189,90;równe;;;;
Among Us Crewmate Edition ;129,90;129,90;równe;;;;
Street Outlaws 2 Winner Takes All ;189,90;189,90;równe;;;;
NBA 2K22 75th Anniversary Edition ;449,90;449,90;równe;;;;
Beyond a Steel Sky Utopia Edition ;599,90;599,90;równe;;;;
Stubbs the Zombie in Rebel Without a Pulse ;79,90;79,90;równe;;;;
The King of Fighters XV ;239,90;239,90;równe;;;;
Saints Row Edycja Niesławna ;179,90;179,90;równe;;;;
Saints Row Edycja Premierowa ;139,90;139,90;równe;;;;
House of Ashes ;109,90;129,90;playstation;;;;
Call of Duty Vanguard ;299,90;319,90;playstation;;;;
Call of Duty Vanguard ;299,90;144,90;xbox;;;;
Bus Simulator 21 Day One Edition ;199,90;199,90;równe;;;;
Blaze and the Monster Machines Axle City Racers ;159,90;159,90;równe;;;;
The Addams Family Mansion Mayhem ;159,90;159,90;równe;;;;
NBA 2K22 ;279,90;299,90;playstation;;;;
RiMS Racing ;199,90;229,90;playstation;;;;
RiMS Racing ;199,90;199,90;równe;;;;
Crysis Remastered Trilogy ;199,90;176,90;xbox;;;;
Aliens Fireteam Elite ;169,90;179,90;playstation;;;;
Phoenix Point Behemoth Edition ;159,90;159,90;równe;;;;
WRC 10 ;179,90;219,90;playstation;;;;
WRC 10 ;179,90;189,90;playstation;;;;
Fifa 22 ;149,90;184,90;playstation;;;;
Fifa 22 ;149,90;149,90;równe;;;;
Blasphemous Deluxe Edition ;129,90;119,90;xbox;;;;
KeyWe ;119,90;119,90;równe;;;;
Epic Chef ;109,90;109,90;równe;;;;
Aragami 2 ;149,90;149,90;równe;;;;
Just Die Already ;129,90;139,90;playstation;;;;
Marvel's Guardians of the Galaxy Cosmic Deluxe Edition ;339,90;244,90;xbox;;;;
Marvel's Guardians of the Galaxy ;259,90;99,90;xbox;;;;
Xuan-Yuan Sword VII ;189,90;189,90;równe;;;;
Power Rangers Battle for the Grid Super Edition ;179,90;179,90;równe;;;;
Madden NFL 22 ;249,90;289,90;playstation;;;;
Madden NFL 22 ;249,90;249,90;równe;;;;
Farming Simulator 22 + DLC ;219,90;199,90;xbox;;;;
The Last Kids on Earth and the Staff of Doom ;159,90;159,90;równe;;;;
DreamWorks Spirit Lucky's Big Adventure ;159,90;159,90;równe;;;;
Golden Force ;119,90;119,90;równe;;;;
Tales of Arise ;159,90;219,90;playstation;;;;
Dying Light 2 ;209,90;158,99;xbox;;;;
Observer System Redux Day One Edition ;119,90;119,90;równe;;;;
Chivalry 2 Steelbook Edition ;199,90;199,90;równe;;;;
Overcooked All You Can Eat ;159,90;54,90;xbox;;;;
MotoGP 21 ;239,90;99,90;xbox;;;;
MotoGP 21 ;239,90;239,90;równe;;;;
Little Nightmares 2 TV Limited Edition ;249,90;249,90;równe;;;;
Back 4 Blood ;229,90;249,90;playstation;;;;
Monster Energy Supercross The Official Videogame 4 ;219,90;50,00;xbox;;;;
Monster Energy Supercross The Official Videogame 4 ;219,90;154,90;xbox;;;;
The Catch Carp and Coarse Collector's Edition ;129,90;129,90;równe;;;;
Werewolf The Apocalypse Earthblood ;159,90;179,90;playstation;;;;
Werewolf The Apocalypse Earthblood ;159,90;179,90;playstation;;;;
Hitman III ;249,90;249,90;równe;;;;
Need for Speed Hot Pursuit Remastered ;78,90;109,90;playstation;;;;
Immortals Fenyx Rising Gold Edition ;329,90;329,90;równe;;;;
Watch Dogs Legion Ultimate Edition ;419,90;419,90;równe;;;;
Watch Dogs Legion Gold Edition ;349,90;349,90;równe;;;;
Nickelodeon Kart Racers 2 Grand Prix ;149,90;149,90;równe;;;;
Fortnite Zestaw Kto się śmieje ostatni ;119,90;159,90;playstation;;;;
Human Fall Flat Anniversary Edition ;119,90;119,90;równe;;;;
NBA 2K21 Mamba Forever Edition ;379,90;209,90;xbox;;;;
WRC 9 ;209,90;199,90;xbox;;;;
Yakuza Like a Dragon Day Ichi Steelbook Edition ;119,90;189,90;playstation;;;;
Fifa 21 ;109,90;99,90;xbox;;;;
Hunting Simulator 2 ;199,90;219,90;playstation;;;;
Assetto Corsa Competizione ;159,90;149,90;xbox;;;;
Assassin's Creed Valhalla Ultimate Edition ;439,90;409,90;xbox;;;;
Assassin's Creed Valhalla PL ;89,90;99,90;playstation;;;;
Snowrunner ;139,90;169,90;playstation;;;;
Watch Dogs Legion ;89,90;239,90;playstation;;;;
Cyberpunk 2077 PL/ANG ;109,90;129,90;playstation;;;;
Tropico 6 ;189,90;209,90;playstation;;;;
Grand Theft Auto V ;99,90;159,90;playstation;;;;
